"filename","notes","authors","licenses","urls"
"body/bodies/male/walk.png","see details at https://opengameart.org/content/lpc-character-bases; 'Thick' Male Revised Run/Climb by JaidynReiman (based on ElizaWy's LPC Revised)","bluecarrot16,JaidynReiman,Benjamin K. Smith (BenCreating),Evert,Eliza Wyatt (ElizaWy),TheraHedwig,MuffinElZangano,Durrani,Johannes Sjölund (wulax),Stephen Challener (Redshrike)","OGA-BY 3.0,CC-BY-SA 3.0,GPL 3.0","https://opengameart.org/content/liberated-pixel-cup-lpc-base-assets-sprites-map-tiles,https://opengameart.org/content/lpc-medieval-fantasy-character-sprites,https://opengameart.org/content/lpc-male-jumping-animation-by-durrani,https://opengameart.org/content/lpc-runcycle-and-diagonal-walkcycle,https://opengameart.org/content/lpc-revised-character-basics,https://opengameart.org/content/lpc-be-seated,https://opengameart.org/content/lpc-runcycle-for-male-muscular-and-pregnant-character-bases-with-modular-heads,https://opengameart.org/content/lpc-jump-expanded,https://opengameart.org/content/lpc-character-bases"
"body/bodies/female/walk.png","see details at https://opengameart.org/content/lpc-character-bases","Benjamin K. Smith (BenCreating),bluecarrot16,TheraHedwig,Evert,MuffinElZangano,Durrani,Pierre Vigier (pvigier),ElizaWy,Matthew Krohn (makrohn),Johannes Sjölund (wulax),Stephen Challener (Redshrike)","OGA-BY 3.0,CC-BY-SA 3.0,GPL 3.0","https://opengameart.org/content/liberated-pixel-cup-lpc-base-assets-sprites-map-tiles,https://opengameart.org/content/lpc-medieval-fantasy-character-sprites,https://opengameart.org/content/lpc-ladies,https://opengameart.org/content/lpc-7-womens-shirts,https://opengameart.org/content/lpc-jump-expanded,https://opengameart.org/content/lpc-be-seated,https://opengameart.org/content/lpc-revised-character-basics,https://gitlab.com/vagabondgame/lpc-characters,https://opengameart.org/content/lpc-male-jumping-animation-by-durrani,https://opengameart.org/content/lpc-runcycle-and-diagonal-walkcycle"
"hair/messy2/adult/walk.png","","JaidynReiman,Manuel Riecke (MrBeast)","CC-BY-SA 3.0,GPL 3.0","https://opengameart.org/content/liberated-pixel-cup-lpc-base-assets-sprites-map-tiles,https://opengameart.org/content/lpc-expanded-hair"
"hair/pixie/adult/walk.png","","JaidynReiman,Manuel Riecke (MrBeast)","CC-BY-SA 3.0,GPL 3.0","https://opengameart.org/content/liberated-pixel-cup-lpc-base-assets-sprites-map-tiles,https://opengameart.org/content/lpc-expanded-hair"
"hair/spiked/adult/walk.png","","kcilds/Rocetti/Eredah","CC-BY 4.0","https://opengameart.org/content/eredah-rpg-character-base-48x64-ongoing,https://opengameart.org/content/lpc-hair"
"hair/bob/adult/walk.png","Original by bluecarrot16. Edited and animated by ElizaWy.","ElizaWy,bluecarrot16","CC0","https://opengameart.org/content/lpc-hair,https://github.com/ElizaWy/LPC/blob/main/Characters/Hair,https://opengameart.org/content/lpc-expanded-sit-run-jump-more"
"hair/ponytail/adult/fg/walk.png","","JaidynReiman,Manuel Riecke (MrBeast)","CC-BY-SA 3.0,GPL 3.0","https://opengameart.org/content/liberated-pixel-cup-lpc-base-assets-sprites-map-tiles,https://opengameart.org/content/lpc-expanded-hair"
"hair/ponytail/adult/bg/walk.png","","JaidynReiman,Manuel Riecke (MrBeast)","CC-BY-SA 3.0,GPL 3.0","https://opengameart.org/content/liberated-pixel-cup-lpc-base-assets-sprites-map-tiles,https://opengameart.org/content/lpc-expanded-hair"
"hair/long/adult/walk.png","","JaidynReiman,Manuel Riecke (MrBeast)","CC-BY-SA 3.0,GPL 3.0","https://opengameart.org/content/liberated-pixel-cup-lpc-base-assets-sprites-map-tiles,https://opengameart.org/content/lpc-expanded-hair"
"hat/headband/thick/adult/walk.png","","JaidynReiman","OGA-BY 3.0+,CC-BY 3.0+,GPL 3.0","https://opengameart.org/content/lpc-relm-hair-xlong-ponytail,https://opengameart.org/content/lpc-expanded-hats-facial-helmets"
"hat/cloth/leather_cap/adult/walk.png","original by Johannes Sjölund (wulax), female by Matthew Krohn, mapped to all frames w/recolors by JaidynReiman","Johannes Sjölund (wulax),Matthew Krohn (Makrohn),JaidynReiman","OGA-BY 3.0,CC-BY-SA 3.0,GPL 3.0","https://opengameart.org/content/lpc-medieval-fantasy-character-sprites,https://opengameart.org/content/lpc-expanded-hats-facial-helmets"
"facial/glasses/round/adult/walk.png","","bluecarrot16,Thane Brimhall (pennomi),laetissima","CC-BY-SA 3.0,GPL 3.0","https://opengameart.org/content/clothing-facial-features-and-ui-elements,https://opengameart.org/content/lpc-gentleman"
"facial/glasses/sunglasses/adult/walk.png","","Michael Whitlock (bigbeargames),Thane Brimhall (pennomi),laetissima","CC-BY-SA 3.0,GPL 3.0","https://opengameart.org/content/lpc-base-character-expressions,https://opengameart.org/content/lpc-expanded-hats-facial-helmets"
"torso/clothes/longsleeve/longsleeves/male/walk.png","original by wulax; tweaks and further recolors by bluecarrot16; cleanup and climb/jump/run/sit/emote/revised combat adapted from LPC Revised by JaidynReiman","JaidynReiman,Johannes Sjölund (wulax)","OGA-BY 3.0,CC-BY-SA 3.0,GPL 3.0","https://opengameart.org/content/lpc-medieval-fantasy-character-sprites,http://opengameart.org/content/lpc-clothing-updates,https://opengameart.org/content/lpc-revised-character-basics,https://github.com/ElizaWy/LPC/tree/main/Characters/Clothing,https://opengameart.org/content/lpc-expanded-sit-run-jump-more,https://opengameart.org/content/lpc-expanded-simple-shirts"
"torso/clothes/longsleeve/longsleeves/female/walk.png","original by ElizaWy, edited to v3 bases by bluecarrot16; cleanup and climb/jump/run/sit/emote/revised combat adapted from LPC Revised by JaidynReiman","bluecarrot16,ElizaWy,JaidynReiman,Stephen Challener (Redshrike)","OGA-BY 3.0,CC-BY-SA 3.0,GPL 3.0","https://opengameart.org/content/liberated-pixel-cup-lpc-base-assets-sprites-map-tiles,https://opengameart.org/content/lpc-7-womens-shirts,http://opengameart.org/content/lpc-clothing-updates,https://opengameart.org/content/lpc-revised-character-basics,https://github.com/ElizaWy/LPC/tree/main/Characters/Clothing,https://opengameart.org/content/lpc-expanded-sit-run-jump-more,https://opengameart.org/content/lpc-expanded-simple-shirts"
"torso/clothes/shortsleeve/shortsleeve_polo/male/walk.png","original by ElizaWy; spellcast/thrust/shoot/hurt/male adapted from original by JaidynReiman","ElizaWy,JaidynReiman,Stephen Challener (Redshrike),Johannes Sjölund (wulax)","OGA-BY 3.0","http://opengameart.org/content/lpc-revised-character-basics,https://github.com/ElizaWy/LPC/tree/main/Characters/Clothing,https://opengameart.org/content/lpc-expanded-sit-run-jump-more,https://opengameart.org/content/lpc-expanded-simple-shirts"
"torso/clothes/shortsleeve/shortsleeve_polo/female/walk.png","original by ElizaWy; spellcast/thrust/shoot/hurt/male adapted from original by JaidynReiman","ElizaWy,JaidynReiman,Stephen Challener (Redshrike),Johannes Sjölund (wulax)","OGA-BY 3.0","http://opengameart.org/content/lpc-revised-character-basics,https://github.com/ElizaWy/LPC/tree/main/Characters/Clothing,https://opengameart.org/content/lpc-expanded-sit-run-jump-more,https://opengameart.org/content/lpc-expanded-simple-shirts"
"torso/clothes/shortsleeve/tshirt_vneck/male/walk.png","original by ElizaWy; spellcast/thrust/shoot/hurt/male adapted from original by JaidynReiman","ElizaWy,JaidynReiman,Stephen Challener (Redshrike),Johannes Sjölund (wulax)","OGA-BY 3.0","https://opengameart.org/content/lpc-revised-character-basics,https://github.com/ElizaWy/LPC/tree/main/Characters/Clothing,https://opengameart.org/content/lpc-expanded-sit-run-jump-more,https://opengameart.org/content/lpc-expanded-simple-shirts"
"torso/clothes/shortsleeve/tshirt_vneck/female/walk.png","original by ElizaWy; spellcast/thrust/shoot/hurt/male adapted from original by JaidynReiman","ElizaWy,JaidynReiman,Stephen Challener (Redshrike),Johannes Sjölund (wulax)","OGA-BY 3.0","https://opengameart.org/content/lpc-revised-character-basics,https://github.com/ElizaWy/LPC/tree/main/Characters/Clothing,https://opengameart.org/content/lpc-expanded-sit-run-jump-more,https://opengameart.org/content/lpc-expanded-simple-shirts"
"legs/pants/male/walk.png","original male pants by wulax, recolors and edits to v3 base by bluecarrot16, climb/jump/run/sit/emotes/revised combat by JaidynReiman based on ElizaWy's LPC Revised","bluecarrot16,JaidynReiman,ElizaWy,Matthew Krohn (makrohn),Johannes Sjölund (wulax),Stephen Challener (Redshrike)","OGA-BY 3.0,GPL 3.0,CC-BY-SA 3.0","https://opengameart.org/content/liberated-pixel-cup-lpc-base-assets-sprites-map-tiles,https://opengameart.org/content/lpc-medieval-fantasy-character-sprites,https://opengameart.org/content/lpc-expanded-pants"
"legs/pants/thin/walk.png","original male pants by wulax, edited for female by Joe White, recolors and edits to v3 base by bluecarrot16, teen legs by ElizaWy derived from base, climb/jump/run/sit/emotes/revised combat by JaidynReiman based on ElizaWy's LPC Revised","bluecarrot16,JaidynReiman,ElizaWy,Joe White,Matthew Krohn (makrohn),Johannes Sjölund (wulax),Stephen Challener (Redshrike)","OGA-BY 3.0,GPL 3.0,CC-BY-SA 3.0","https://opengameart.org/content/liberated-pixel-cup-lpc-base-assets-sprites-map-tiles,https://opengameart.org/content/lpc-medieval-fantasy-character-sprites,http://opengameart.org/content/lpc-clothing-updates,https://opengameart.org/content/lpc-expanded-pants"
"feet/shoes/basic/male/walk.png","original by wulax, edited for v3 base by bluecarrot16, Jump/Sit/Emote/Run/Revised Combat by JaidynReiman","JaidynReiman,bluecarrot16,Johannes Sjölund (wulax)","OGA-BY 3.0,CC-BY-SA 3.0,GPL 3.0","https://opengameart.org/content/lpc-medieval-fantasy-character-sprites,http://opengameart.org/content/lpc-clothing-updates,https://opengameart.org/content/lpc-expanded-socks-shoes"
"feet/shoes/basic/thin/walk.png","original by wulax, edited for female base by Joe White, edited for v3 base by bluecarrot16, Jump/Sit/Emote/Run/Revised Combat by JaidynReiman","JaidynReiman,Joe White,Johannes Sjölund (wulax)","OGA-BY 3.0,CC-BY-SA 3.0,GPL 3.0","https://opengameart.org/content/lpc-medieval-fantasy-character-sprites,http://opengameart.org/content/lpc-clothing-updates,https://opengameart.org/content/lpc-expanded-socks-shoes"
