bundle,feature_count,c_value,threshold,n,positive_n,prevalence,auroc,auprc,auprc_lift,recall,specificity,precision,f1,brier,predicted_positive_rate,tn,fp,fn,tp,constraints_passed,null_probability_train_prevalence,null_model_brier,brier_skill_score
core_8,8,0.01,0.4709978732604559,36273,917,0.025280511675350812,0.626080534579389,0.04030521352082664,1.594319531124258,0.6761177753544165,0.5045536825432742,0.034184264211280804,0.06507819880340086,0.23712182314708705,0.5000137843575111,17839,17517,297,620,True,0.025280511675350812,0.024641407404783267,-8.622900967136243
core_8,8,0.1,0.4706793636812484,36273,917,0.025280511675350812,0.6259755423662086,0.04028104318808087,1.593363445541175,0.678298800436205,0.5046102500282837,0.0342945360313172,0.06528812847696022,0.2371337164306375,0.5000137843575111,17841,17515,295,622,True,0.025280511675350812,0.024641407404783267,-8.623383621529925
core_8,8,1.0,0.4706185901813589,36273,917,0.025280511675350812,0.6259656106703673,0.040278654626801455,1.5932689632257024,0.6793893129770993,0.5046385337707886,0.03434967194133539,0.0653930933137399,0.2371359810096227,0.5000137843575111,17842,17514,294,623,True,0.025280511675350812,0.024641407404783267,-8.623475522895298
core_8,8,10.0,0.4706176562239372,36273,917,0.025280511675350812,0.6259642843880033,0.04027873741554794,1.59327223803072,0.6793893129770993,0.5046385337707886,0.03434967194133539,0.0653930933137399,0.23713621450707667,0.5000137843575111,17842,17514,294,623,True,0.025280511675350812,0.024641407404783267,-8.623484998711762
core_8_plus_hypertension,9,0.01,0.45592333330487356,36273,917,0.025280511675350812,0.6420152157281542,0.04336485212355394,1.7153470895067306,0.7033805888767721,0.500141418712524,0.035211267605633804,0.0670652456459579,0.2338459642871856,0.505003721776528,17683,17673,272,645,True,0.025280511675350812,0.024641407404783267,-8.489959743200082
core_8_plus_hypertension,9,0.1,0.45508116078726296,36273,917,0.025280511675350812,0.6419453854195056,0.043371063087850326,1.7155927714128625,0.7033805888767721,0.500141418712524,0.035211267605633804,0.0670652456459579,0.23386793781810675,0.505003721776528,17683,17673,272,645,True,0.025280511675350812,0.024641407404783267,-8.490851475176271
core_8_plus_hypertension,9,1.0,0.45502628230452463,36273,917,0.025280511675350812,0.6419341891288521,0.04337115132641688,1.7155962617918425,0.7022900763358778,0.5001131349700192,0.035156676493066925,0.06696126852092539,0.23387357523790853,0.505003721776528,17682,17674,273,644,True,0.025280511675350812,0.024641407404783267,-8.49108025349681
core_8_plus_hypertension,9,10.0,0.4550068710962359,36273,917,0.025280511675350812,0.6419334180344545,0.043371546035694555,1.7156118749757345,0.7022900763358778,0.5001131349700192,0.035156676493066925,0.06696126852092539,0.2338741555883762,0.505003721776528,17682,17674,273,644,True,0.025280511675350812,0.024641407404783267,-8.491103805336124
core_8_plus_bmi_history,12,0.01,0.46652778298110237,36273,917,0.025280511675350812,0.6329782978257729,0.04088067018221275,1.6170823876983678,0.6892039258451472,0.5048930874533318,0.03484589513149915,0.066337776844757,0.23543067384610883,0.5000137843575111,17851,17505,285,632,True,0.025280511675350812,0.024641407404783267,-8.554270581168517
core_8_plus_bmi_history,12,0.1,0.46594410613225756,36273,917,0.025280511675350812,0.633051274199564,0.04074452762195044,1.6116971106117866,0.6902944383860414,0.5049213711958367,0.03490103104151734,0.06644274168153669,0.23546105100162157,0.5000137843575111,17852,17504,284,633,True,0.025280511675350812,0.024641407404783267,-8.555503349857974
core_8_plus_bmi_history,12,1.0,0.4658734963907725,36273,917,0.025280511675350812,0.6330484365721807,0.04071463354227675,1.6105146155714336,0.6902944383860414,0.5049213711958367,0.03490103104151734,0.06644274168153669,0.23545773319157476,0.5000137843575111,17852,17504,284,633,True,0.025280511675350812,0.024641407404783267,-8.555368706166876
core_8_plus_bmi_history,12,10.0,0.4658783935606567,36273,917,0.025280511675350812,0.6330653389613766,0.04071097742333855,1.6103699935406315,0.6902944383860414,0.5049213711958367,0.03490103104151734,0.06644274168153669,0.23546512514207416,0.5000137843575111,17852,17504,284,633,True,0.025280511675350812,0.024641407404783267,-8.555668687023406
core_8_plus_health_history,12,0.01,0.46972889753823605,36273,917,0.025280511675350812,0.6276876803666905,0.04019590404897398,1.5899956680135585,0.6815703380588877,0.5046951012557982,0.034459943761371785,0.06560302298729925,0.23673007995110626,0.5000137843575111,17844,17512,292,625,True,0.025280511675350812,0.024641407404783267,-8.607003206527619
core_8_plus_health_history,12,0.1,0.4693927984852343,36273,917,0.025280511675350812,0.6275647062321575,0.04020323351355401,1.5902855934974314,0.6793893129770993,0.5046385337707886,0.03434967194133539,0.0653930933137399,0.23672768082700435,0.5000137843575111,17842,17514,294,623,True,0.025280511675350812,0.024641407404783267,-8.60690584503919
core_8_plus_health_history,12,1.0,0.4693422240283622,36273,917,0.025280511675350812,0.6275524920968992,0.040201237163698625,1.590206625560349,0.6793893129770993,0.5046385337707886,0.03434967194133539,0.0653930933137399,0.23672932523902893,0.5000137843575111,17842,17514,294,623,True,0.025280511675350812,0.024641407404783267,-8.606972578728445
core_8_plus_health_history,12,10.0,0.46935356606734396,36273,917,0.025280511675350812,0.6275515050960704,0.04020107065506161,1.5902000391178295,0.6793893129770993,0.5046385337707886,0.03434967194133539,0.0653930933137399,0.23672949616273362,0.5000137843575111,17842,17514,294,623,True,0.025280511675350812,0.024641407404783267,-8.60697951517091
core_8_plus_meal_history,12,0.01,0.4714533939711683,36273,917,0.025280511675350812,0.6259308497349224,0.04006852573646641,1.5849570709256773,0.6815703380588877,0.5046951012557982,0.034459943761371785,0.06560302298729925,0.23700876048514655,0.5000137843575111,17844,17512,292,625,True,0.025280511675350812,0.024641407404783267,-8.618312647155843
core_8_plus_meal_history,12,0.1,0.47112503430625585,36273,917,0.025280511675350812,0.6257016804799489,0.03998562696705065,1.5816779138231496,0.6826608505997819,0.5047233849983029,0.034515079671389975,0.06570798782407894,0.23702670373963733,0.5000137843575111,17845,17511,291,626,True,0.025280511675350812,0.024641407404783267,-8.61904082206063
core_8_plus_meal_history,12,1.0,0.4710528971718884,36273,917,0.025280511675350812,0.625671453579562,0.03997302786273402,1.5811795416193577,0.6826608505997819,0.5047233849983029,0.034515079671389975,0.06570798782407894,0.23703110140298467,0.5000137843575111,17845,17511,291,626,True,0.025280511675350812,0.024641407404783267,-8.61921928846375
core_8_plus_meal_history,12,10.0,0.4710319125280219,36273,917,0.025280511675350812,0.6256695104216801,0.03997174848593733,1.581128934384302,0.6826608505997819,0.5047233849983029,0.034515079671389975,0.06570798782407894,0.23703155929774242,0.5000137843575111,17845,17511,291,626,True,0.025280511675350812,0.024641407404783267,-8.619237870793494
core_8_plus_behavior_history,16,0.01,0.4687032158257195,36273,917,0.025280511675350812,0.6281866401295044,0.04057250099909721,1.6048923977538203,0.6848418756815703,0.5047799524833126,0.034625351491426364,0.0659179174976383,0.23589661034959053,0.5000137843575111,17847,17509,289,628,True,0.025280511675350812,0.024641407404783267,-8.5731792618225
core_8_plus_behavior_history,16,0.1,0.46813815507646156,36273,917,0.025280511675350812,0.6275713993315291,0.04057500882069018,1.6049915975495037,0.6837513631406761,0.5047516687408078,0.03457021558140817,0.06581295266085861,0.235989073485162,0.5000137843575111,17846,17510,290,627,True,0.025280511675350812,0.024641407404783267,-8.576931609813528
core_8_plus_behavior_history,16,1.0,0.467906869048443,36273,917,0.025280511675350812,0.6274611636764449,0.04066379984436479,1.6085038296124796,0.6837513631406761,0.5047516687408078,0.03457021558140817,0.06581295266085861,0.23598632978603257,0.5000137843575111,17846,17510,290,627,True,0.025280511675350812,0.024641407404783267,-8.576820264747706
core_8_plus_behavior_history,16,10.0,0.467890201182971,36273,917,0.025280511675350812,0.6274523732003119,0.040662610474805065,1.6084567827182161,0.6837513631406761,0.5047516687408078,0.03457021558140817,0.06581295266085861,0.2359881882540723,0.5000137843575111,17846,17510,290,627,True,0.025280511675350812,0.024641407404783267,-8.576895685279059
core_8_plus_bmi_history_hypertension,13,0.01,0.45288626961736095,36273,917,0.025280511675350812,0.646614469950328,0.043798437768893125,1.732498073272694,0.7142857142857143,0.5004242561375721,0.03575717873130255,0.06810501689628282,0.23242904600944783,0.505003721776528,17693,17663,262,655,True,0.025280511675350812,0.024641407404783267,-8.432458227379085
core_8_plus_bmi_history_hypertension,13,0.1,0.4524697636036264,36273,917,0.025280511675350812,0.646670574778699,0.04367098686480692,1.7274566047406124,0.7142857142857143,0.5004242561375721,0.03575717873130255,0.06810501689628282,0.23251563602192377,0.505003721776528,17693,17663,262,655,True,0.025280511675350812,0.024641407404783267,-8.435972231715507
core_8_plus_bmi_history_hypertension,13,1.0,0.45239843491034626,36273,917,0.025280511675350812,0.6466876930743262,0.043638445450725746,1.726169391313168,0.7142857142857143,0.5004242561375721,0.03575717873130255,0.06810501689628282,0.23252651890387258,0.505003721776528,17693,17663,262,655,True,0.025280511675350812,0.024641407404783267,-8.436413881892788
core_8_plus_bmi_history_hypertension,13,10.0,0.4523545752916997,36273,917,0.025280511675350812,0.6466883407936203,0.04363080431174081,1.7258671371862315,0.7142857142857143,0.5004242561375721,0.03575717873130255,0.06810501689628282,0.23250629080005317,0.505003721776528,17693,17663,262,655,True,0.025280511675350812,0.024641407404783267,-8.435592983009574
core_8_plus_longitudinal,22,0.01,0.4604244330480799,36273,917,0.025280511675350812,0.6343302113674611,0.04113854462927129,1.6272829109460822,0.707742639040349,0.5002545536825432,0.0354296320559013,0.06748115414608787,0.23426770751717865,0.505003721776528,17687,17669,268,649,True,0.025280511675350812,0.024641407404783267,-8.507074968116626
core_8_plus_longitudinal,22,0.1,0.4598487370516216,36273,917,0.025280511675350812,0.6336384780052418,0.04105478691716377,1.6239697773678097,0.707742639040349,0.5002545536825432,0.0354296320559013,0.06748115414608787,0.2343621190397523,0.505003721776528,17687,17669,268,649,True,0.025280511675350812,0.024641407404783267,-8.510906385739116
core_8_plus_longitudinal,22,1.0,0.4597942219804667,36273,917,0.025280511675350812,0.6334803111224012,0.04103300217366801,1.623108056538124,0.7066521264994547,0.5002262699400385,0.03537504094333443,0.06737717702105536,0.23438756286616763,0.505003721776528,17686,17670,269,648,True,0.025280511675350812,0.024641407404783267,-8.511938949585709
core_8_plus_longitudinal,22,10.0,0.4597873523790775,36273,917,0.025280511675350812,0.6334628535452391,0.04103069535545417,1.6230168076645466,0.7066521264994547,0.5002262699400385,0.03537504094333443,0.06737717702105536,0.23438704905096916,0.505003721776528,17686,17670,269,648,True,0.025280511675350812,0.024641407404783267,-8.51191809788718
core_8_plus_longitudinal_hypertension,23,0.01,0.4500663134135599,36273,917,0.025280511675350812,0.6468387196230447,0.04397609419972778,1.7395254797238013,0.7131952017448201,0.5003959723950673,0.03570258761873567,0.06800103977125033,0.2315717540523781,0.505003721776528,17692,17664,263,654,True,0.025280511675350812,0.024641407404783267,-8.397667521516102
core_8_plus_longitudinal_hypertension,23,0.1,0.44926927302268826,36273,917,0.025280511675350812,0.6462765918071774,0.04395522582001155,1.738700006727676,0.707742639040349,0.5002545536825432,0.0354296320559013,0.06748115414608787,0.23165818289961124,0.505003721776528,17687,17669,268,649,True,0.025280511675350812,0.024641407404783267,-8.401174985428913
core_8_plus_longitudinal_hypertension,23,1.0,0.44909568482626566,36273,917,0.025280511675350812,0.6462051884659576,0.04394010297744366,1.7381018051262966,0.7088331515812432,0.5002828374250481,0.03548422316846817,0.06758513127112036,0.23169525429782453,0.505003721776528,17688,17668,267,650,True,0.025280511675350812,0.024641407404783267,-8.40267942052892
core_8_plus_longitudinal_hypertension,23,10.0,0.44914717311170893,36273,917,0.025280511675350812,0.646203461214507,0.04393588620185771,1.7379350056706486,0.707742639040349,0.5002545536825432,0.0354296320559013,0.06748115414608787,0.23169705594679238,0.505003721776528,17687,17669,268,649,True,0.025280511675350812,0.024641407404783267,-8.40275253522315
