bundle,feature_count,numeric_features,categorical_features
core_8,8,age|bmi|self_rated_health|meal_count_yesterday,sex|regular_exercise|current_smoker|current_drinker
core_8_plus_hypertension,9,age|bmi|self_rated_health|meal_count_yesterday,sex|regular_exercise|current_smoker|current_drinker|baseline_hypertension_history
core_8_plus_bmi_history,12,age|bmi|self_rated_health|meal_count_yesterday|prior_wave_gap|prior_bmi|bmi_change,sex|regular_exercise|current_smoker|current_drinker|prior_observation_available
core_8_plus_health_history,12,age|bmi|self_rated_health|meal_count_yesterday|prior_wave_gap|prior_self_rated_health|self_rated_health_change,sex|regular_exercise|current_smoker|current_drinker|prior_observation_available
core_8_plus_meal_history,12,age|bmi|self_rated_health|meal_count_yesterday|prior_wave_gap|prior_meal_count_yesterday|meal_count_change,sex|regular_exercise|current_smoker|current_drinker|prior_observation_available
core_8_plus_behavior_history,16,age|bmi|self_rated_health|meal_count_yesterday|prior_wave_gap,sex|regular_exercise|current_smoker|current_drinker|prior_observation_available|prior_regular_exercise|regular_exercise_changed|prior_current_smoker|current_smoker_changed|prior_current_drinker|current_drinker_changed
core_8_plus_bmi_history_hypertension,13,age|bmi|self_rated_health|meal_count_yesterday|prior_wave_gap|prior_bmi|bmi_change,sex|regular_exercise|current_smoker|current_drinker|prior_observation_available|baseline_hypertension_history
core_8_plus_longitudinal,22,age|bmi|self_rated_health|meal_count_yesterday|prior_wave_gap|prior_bmi|bmi_change|prior_self_rated_health|self_rated_health_change|prior_meal_count_yesterday|meal_count_change,sex|regular_exercise|current_smoker|current_drinker|prior_observation_available|prior_regular_exercise|regular_exercise_changed|prior_current_smoker|current_smoker_changed|prior_current_drinker|current_drinker_changed
core_8_plus_longitudinal_hypertension,23,age|bmi|self_rated_health|meal_count_yesterday|prior_wave_gap|prior_bmi|bmi_change|prior_self_rated_health|self_rated_health_change|prior_meal_count_yesterday|meal_count_change,sex|regular_exercise|current_smoker|current_drinker|prior_observation_available|prior_regular_exercise|regular_exercise_changed|prior_current_smoker|current_smoker_changed|prior_current_drinker|current_drinker_changed|baseline_hypertension_history
